{"Number": [1743911.0, 61.290031215931165], "Precipitation(in)": [549458.0, 19.310789353265793], "Wind_Chill(F)": [469643.0, 16.505678403510018], "Wind_Speed(mph)": [157944.0, 5.550967159659542], "Wind_Direction": [73775.0, 2.592834183026153], "Humidity(%)": [73092.0, 2.5688300387088794], "Weather_Condition": [70636.0, 2.4825135256148467], "Visibility(mi)": [70546.0, 2.4793504612099353], "Temperature(F)": [69274.0, 2.434645817620518], "Pressure(in)": [59200.0, 2.0805934752307453], "Weather_Timestamp": [50736.0, 1.7831248405288362], "Airport_Code": [9549.0, 0.33560113336112146], "Timezone": [3659.0, 0.12859614063968408], "Nautical_Twilight": [2867.0, 0.10076117387646194], "Civil_Twilight": [2867.0, 0.10076117387646194], "Sunrise_Sunset": [2867.0, 0.10076117387646194], "Astronomical_Twilight": [2867.0, 0.10076117387646194], "Zipcode": [1319.0, 0.04635646611198232], "City": [137.0, 0.0048148869274765565], "Street": [2.0, 7.029032010914681e-05]}